<CompatibilityList Timeout="7" FileVersion="37" ChangesetId="9E0F9D8D">
  <!-- SolutionErrorVisualizer for VS 2017 RTM -->
  <Extension>
    <ExtensionId>SolutionErrorVisualizer.a392f96b-6b33-4b53-b4bb-3376a05f986c</ExtensionId>
    <ExtensionVersion>(,2.1)</ExtensionVersion>
    <VisualStudioVersion>[15.0,)</VisualStudioVersion>
  </Extension>
  <!-- Web Essentials for RTM -->
  <Extension>
    <ExtensionId>5fb7364d-2e8c-44a4-95eb-2a382e30fec9</ExtensionId>
    <ExtensionVersion>(,2.9)</ExtensionVersion>
    <VisualStudioVersion>[14.0.25420.01,)</VisualStudioVersion>
  </Extension>
  <!-- .NET Compiler Platform SDK Templates for RC -->
  <Extension>
    <ExtensionId>3a012d4e-6057-4e7c-8123-6d4be1d4723c-RC</ExtensionId>
    <ExtensionVersion>(,1.0)</ExtensionVersion>
    <VisualStudioVersion>[14.0.22528,)</VisualStudioVersion>
  </Extension>
  <!-- .NET Compiler Platform SDK Templates for VS 2015 -->
  <Extension>
    <ExtensionId>3a012d4e-6057-4e7c-8123-6d4be1d4723c</ExtensionId>
    <ExtensionVersion>(,42.42.42.42)</ExtensionVersion>
    <Action>Disable</Action>
    <VisualStudioVersion>(15.0.27101,)</VisualStudioVersion>
  </Extension>
  <!-- Deployment Project -->
  <Extension>
    <ExtensionId>DeploymentProject.14.0.VSIX.42D3833A-56C3-440E-8127-558CCE16AE00</ExtensionId>
    <ExtensionVersion>(,2.6)</ExtensionVersion>
    <Action>Warning</Action>
    <VisualStudioVersion>[14.0.23010,)</VisualStudioVersion>
  </Extension>
  <!-- Team Explorer Extensions -->
  <Extension>
    <ExtensionId>177DDE05-53AD-4611-A5A7-1D52F75AA3F0</ExtensionId>
    <ExtensionVersion>(,2.6)</ExtensionVersion>
    <Action>Warning</Action>
    <VisualStudioVersion>[14.0.23010,)</VisualStudioVersion>
  </Extension>
  <!-- Assemblies that should be loaded from VS folder -->
  <AssembliesNotInGAC>
    <AssemblyName>CodeAnalysis</AssemblyName>
    <AssemblyName>Microsoft.Azure.ActiveDirectory.GraphClient</AssemblyName>
    <AssemblyName>Microsoft.Azure.Management.ResourceManager</AssemblyName>
    <AssemblyName>Microsoft.Data.Edm</AssemblyName>
    <AssemblyName>Microsoft.Data.OData</AssemblyName>
    <AssemblyName>Microsoft.Data.Services.Client</AssemblyName>
    <AssemblyName>Microsoft.Developer.IdentityService</AssemblyName>
    <AssemblyName>Microsoft.IdentityModel.Clients.ActiveDirectory</AssemblyName>
    <AssemblyName>Microsoft.IdentityModel.Clients.ActiveDirectory.Platform</AssemblyName>
    <AssemblyName>Microsoft.IdentityService.Clients.ActiveDirectory</AssemblyName>
    <AssemblyName>Microsoft.IdentityService.Clients.ActiveDirectory.Platform</AssemblyName>
    <AssemblyName>Microsoft.Rest.ClientRuntime</AssemblyName>
    <AssemblyName>Microsoft.Rest.ClientRuntime.Azure</AssemblyName>
    <AssemblyName>Microsoft.ServiceBus</AssemblyName>
    <AssemblyName>Microsoft.ServiceHub.Client</AssemblyName>
    <AssemblyName>Microsoft.TeamFoundation.Build.Activities</AssemblyName>
    <AssemblyName>Microsoft.TeamFoundation.Build.Client</AssemblyName>
    <AssemblyName>Microsoft.TeamFoundation.Build.Common</AssemblyName>
    <AssemblyName>Microsoft.TeamFoundation.Build.Config</AssemblyName>
    <AssemblyName>Microsoft.TeamFoundation.Build.Controls</AssemblyName>
    <AssemblyName>Microsoft.TeamFoundation.Build.Controls.Common</AssemblyName>
    <AssemblyName>Microsoft.TeamFoundation.Build.ProcessComponents</AssemblyName>
    <AssemblyName>Microsoft.TeamFoundation.Build.WebApi</AssemblyName>
    <AssemblyName>Microsoft.TeamFoundation.Build.Workflow</AssemblyName>
    <AssemblyName>Microsoft.TeamFoundation.Build2.WebApi</AssemblyName>
    <AssemblyName>Microsoft.TeamFoundation.Client</AssemblyName>
    <AssemblyName>Microsoft.TeamFoundation.CodeReview.Components</AssemblyName>
    <AssemblyName>Microsoft.TeamFoundation.CodeReview.Controls</AssemblyName>
    <AssemblyName>Microsoft.TeamFoundation.CodeSense.Client</AssemblyName>
    <AssemblyName>Microsoft.TeamFoundation.CodeSense.Client.Changes</AssemblyName>
    <AssemblyName>Microsoft.TeamFoundation.CodeSense.Client.Common</AssemblyName>
    <AssemblyName>Microsoft.TeamFoundation.CodeSense.Client.Core</AssemblyName>
    <AssemblyName>Microsoft.TeamFoundation.Common</AssemblyName>
    <AssemblyName>Microsoft.TeamFoundation.Controls</AssemblyName>
    <AssemblyName>Microsoft.TeamFoundation.Core.WebApi</AssemblyName>
    <AssemblyName>Microsoft.TeamFoundation.DeleteTeamProject</AssemblyName>
    <AssemblyName>Microsoft.TeamFoundation.Deployment.Workflow</AssemblyName>
    <AssemblyName>Microsoft.TeamFoundation.Diff</AssemblyName>
    <AssemblyName>Microsoft.TeamFoundation.Discussion.Client</AssemblyName>
    <AssemblyName>Microsoft.TeamFoundation.DistributedTask.Common.Contracts</AssemblyName>
    <AssemblyName>Microsoft.TeamFoundation.Git</AssemblyName>
    <AssemblyName>Microsoft.TeamFoundation.Git.Client</AssemblyName>
    <AssemblyName>Microsoft.TeamFoundation.Git.Controls</AssemblyName>
    <AssemblyName>Microsoft.TeamFoundation.Git.CoreServices</AssemblyName>
    <AssemblyName>Microsoft.TeamFoundation.Git.Graph</AssemblyName>
    <AssemblyName>Microsoft.TeamFoundation.Git.Provider</AssemblyName>
    <AssemblyName>Microsoft.TeamFoundation.Lab.Client</AssemblyName>
    <AssemblyName>Microsoft.TeamFoundation.Lab.Common</AssemblyName>
    <AssemblyName>Microsoft.TeamFoundation.Lab.TestIntegration.Client</AssemblyName>
    <AssemblyName>Microsoft.TeamFoundation.Lab.Workflow.Activities</AssemblyName>
    <AssemblyName>Microsoft.TeamFoundation.Lab.WorkflowIntegration.Client</AssemblyName>
    <AssemblyName>Microsoft.TeamFoundation.OfficeIntegration.Common</AssemblyName>
    <AssemblyName>Microsoft.TeamFoundation.ProjectManagement</AssemblyName>
    <AssemblyName>Microsoft.TeamFoundation.SharePointReporting.Integration</AssemblyName>
    <AssemblyName>Microsoft.TeamFoundation.SourceControl.WebApi</AssemblyName>
    <AssemblyName>Microsoft.TeamFoundation.TeamExplorer.Navigation</AssemblyName>
    <AssemblyName>Microsoft.TeamFoundation.Test.WebApi</AssemblyName>
    <AssemblyName>Microsoft.TeamFoundation.TestImpact.BuildIntegration</AssemblyName>
    <AssemblyName>Microsoft.TeamFoundation.TestImpact.Client</AssemblyName>
    <AssemblyName>Microsoft.TeamFoundation.TestManagement.Client</AssemblyName>
    <AssemblyName>Microsoft.TeamFoundation.TestManagement.ClientPackage</AssemblyName>
    <AssemblyName>Microsoft.TeamFoundation.TestManagement.Common</AssemblyName>
    <AssemblyName>Microsoft.TeamFoundation.TestManagement.Controller</AssemblyName>
    <AssemblyName>Microsoft.TeamFoundation.TestManagement.Controls</AssemblyName>
    <AssemblyName>Microsoft.TeamFoundation.TestManagement.PcwPlugin</AssemblyName>
    <AssemblyName>Microsoft.TeamFoundation.TestManagement.WebApi</AssemblyName>
    <AssemblyName>Microsoft.TeamFoundation.VersionControl.Client</AssemblyName>
    <AssemblyName>Microsoft.TeamFoundation.VersionControl.Common</AssemblyName>
    <AssemblyName>Microsoft.TeamFoundation.VersionControl.Common.Integration</AssemblyName>
    <AssemblyName>Microsoft.TeamFoundation.VersionControl.ControlAdapter</AssemblyName>
    <AssemblyName>Microsoft.TeamFoundation.VersionControl.Controls</AssemblyName>
    <AssemblyName>Microsoft.TeamFoundation.VersionControl.Controls.Common</AssemblyName>
    <AssemblyName>Microsoft.TeamFoundation.VersionControl.UIFeatures</AssemblyName>
    <AssemblyName>Microsoft.TeamFoundation.Work.WebApi</AssemblyName>
    <AssemblyName>Microsoft.TeamFoundation.WorkItemTracking.Client</AssemblyName>
    <AssemblyName>Microsoft.TeamFoundation.WorkItemTracking.Client.DataStoreLoader</AssemblyName>
    <AssemblyName>Microsoft.TeamFoundation.WorkItemTracking.Client.QueryLanguage</AssemblyName>
    <AssemblyName>Microsoft.TeamFoundation.WorkItemTracking.Common</AssemblyName>
    <AssemblyName>Microsoft.TeamFoundation.WorkItemTracking.Controls</AssemblyName>
    <AssemblyName>Microsoft.TeamFoundation.WorkItemTracking.ControlsCore</AssemblyName>
    <AssemblyName>Microsoft.TeamFoundation.WorkItemTracking.Proxy</AssemblyName>
    <AssemblyName>Microsoft.Threading.Tasks</AssemblyName>
    <AssemblyName>Microsoft.VisualStudio.ConnectedServices.DLL</AssemblyName>
    <AssemblyName>Microsoft.VisualStudio.CoreUtility</AssemblyName>
    <AssemblyName>Microsoft.VisualStudio.Platform.VSEditor</AssemblyName>
    <AssemblyName>Microsoft.VisualStudio.Services.Client.Interactive</AssemblyName>
    <AssemblyName>Microsoft.VisualStudio.Services.Common</AssemblyName>
    <AssemblyName>Microsoft.VisualStudio.Services.WebApi</AssemblyName>
    <AssemblyName>Microsoft.VisualStudio.Shell.Interop</AssemblyName>
    <AssemblyName>Microsoft.VisualStudio.Shell.15.0</AssemblyName>
    <AssemblyName>Microsoft.VisualStudio.Shell.TreeNavigation.GraphProvider</AssemblyName>
    <AssemblyName>Microsoft.VisualStudio.Shell.TreeNavigation.HierarchyProvider</AssemblyName>
    <AssemblyName>Microsoft.VisualStudio.Shell.UI.Internal</AssemblyName>
    <AssemblyName>Microsoft.VisualStudio.TeamFoundation</AssemblyName>
    <AssemblyName>Microsoft.VisualStudio.TeamFoundation.Build</AssemblyName>
    <AssemblyName>Microsoft.VisualStudio.TeamFoundation.Client</AssemblyName>
    <AssemblyName>Microsoft.VisualStudio.TeamFoundation.InitializationPackage</AssemblyName>
    <AssemblyName>Microsoft.VisualStudio.TeamFoundation.Lab</AssemblyName>
    <AssemblyName>Microsoft.VisualStudio.TeamFoundation.NuGetCredentialProvider</AssemblyName>
    <AssemblyName>Microsoft.VisualStudio.TeamFoundation.PCW</AssemblyName>
    <AssemblyName>Microsoft.VisualStudio.TeamFoundation.SharePointReporting</AssemblyName>
    <AssemblyName>Microsoft.VisualStudio.TeamFoundation.VersionControl</AssemblyName>
    <AssemblyName>Microsoft.VisualStudio.TeamFoundation.WorkItemTracking</AssemblyName>
    <AssemblyName>Microsoft.VisualStudio.Telemetry</AssemblyName>
    <AssemblyName>Microsoft.VisualStudio.Threading</AssemblyName>
    <AssemblyName>Microsoft.VisualStudio.Validation</AssemblyName>
    <AssemblyName>Newtonsoft.Json</AssemblyName>
    <AssemblyName>Roslyn.VisualStudio.InteractiveComponents</AssemblyName>
    <AssemblyName>StreamJsonRpc</AssemblyName>
    <AssemblyName>System.Collections.Immutable</AssemblyName>
    <AssemblyName>System.IdentityModel.Tokens.Jwt</AssemblyName>
    <AssemblyName>System.Net.Http.Formatting</AssemblyName>
    <AssemblyName>System.Spatial</AssemblyName>
  </AssembliesNotInGAC>
</CompatibilityList>