{"manifestVersion":"1.1","info":{"id":"ClaudiaIDE..7442ac19-889b-4699-a817-e6e054877ee3,version=1.28.5","manifestType":"Extension"},"packages":[{"id":"Component.ClaudiaIDE..7442ac19-889b-4699-a817-e6e054877ee3","version":"1.28.5","type":"Component","extension":true,"dependencies":{"ClaudiaIDE..7442ac19-889b-4699-a817-e6e054877ee3":"1.28.5","Microsoft.VisualStudio.Component.CoreEditor":"[15.0,16.0)"},"localizedResources":[{"language":"en-US","title":"ClaudiaIDE","description":"This extension change the background image of editor."}]},{"id":"ClaudiaIDE..7442ac19-889b-4699-a817-e6e054877ee3","version":"1.28.5","type":"Vsix","payloads":[{"fileName":"ClaudiaIDE.vsix","size":588494}],"vsixId":"ClaudiaIDE..7442ac19-889b-4699-a817-e6e054877ee3","extensionDir":"[installdir]\\Common7\\IDE\\Extensions\\e2gxlpam.45c","installSizes":{}}]}